UID,CYANO_PCT,TEMPERATURE,PH,OXYGEN,CONDUCTIVITY
2010177,0.6656922527011676,22.03333333333333,7.596666666666667,6.400000000000001,2063.6666666666665
2010178,0.1421002373949283,19.125,9.05,14.15,309.5
2010179,2.609450032886284,15.4,8.833333333333334,10.1,3132.0
2010180,3.4710993251837956,20.7,9.43,7.239999999999999,29383.333333333332
2010181,0.01330064690894489,17.725,7.95,9.225,218.375
2010182,62.02497808002395,23.799999999999997,9.2,11.299999999999999,175.1
2010183,12.253453082950218,19.85,8.45,7.3,436.0
2010184,0.40230568743443607,23.766666666666666,8.333333333333334,10.466666666666667,264.0
2010185,74.23715581487322,20.8,8.813333333333334,10.1,673.3333333333334
2010187,4.613070441310917,24.733333333333334,7.083333333333333,8.113333333333333,33.53333333333333
2010188,91.99072333602845,20.0,8.886666666666668,8.3,2358.0
2010189,2.4794695866488436,24.666666666666668,7.903333333333333,6.222513333333333,241.0
2010191,3.0165117186778017,21.175,8.5525,10.05,771.5
2010192,0.13351392399240392,14.533333333333333,8.516666666666666,9.166666666666666,422.5
2010193,6.259205994909063,24.100000000000005,8.193333333333333,8.336666666666666,83.3
2010194,4.3763808137305915,27.5,8.725000000000001,8.205,98.05
2010195,96.39296015187963,21.85,9.1,11.466666666666667,224.5
2010196,40.11812527111245,25.97,8.773333333333333,8.803333333333333,197.0
2010198,63.63363047853038,21.2,8.9475,7.4,3398.0
2010199,83.83785425894712,20.805,8.655000000000001,6.745,1917.0
2010200,82.71992923155715,24.189999999999998,5.669999999999999,2.8,103.76666666666667
2010202,65.01528996405837,21.275,8.325000000000001,6.25,459.25
2010204,11.739311521362211,20.25,8.62,10.725,630.25
2010206,67.33451507425899,27.59,8.375,9.445,158.0
2010207,33.552276408133885,19.65,9.15,16.133333333333333,276.5
2010209,5.240369715421217,22.223333333333333,8.45,9.413333333333334,139.33333333333334
2010210,0.17006578513704138,20.816666666666666,8.38,8.433333333333334,4137.666666666667
2010212,1.0534556728149564,26.566666666666666,6.956666666666667,5.079999999999999,94.86666666666667
2010213,3.4290868043002987,23.7,8.856666666666667,9.723333333333334,1156.6666666666667
2010214,8.617331678007742,24.04,6.035,5.21,29.5
2010215,4.116377256408763,24.625,7.842499999999999,8.675,1467.0
2010216,3.444943778665483,23.975,8.606666666666667,8.4,187.0
2010219,0.8985572891481457,27.785,8.469999999999999,9.48,668.5
2010220,10.417373324034852,23.2075,7.4350000000000005,8.625,49.25
2010221,40.28881996559885,24.37,8.3475,8.295,250.75
2010223,11.902152632810562,25.549999999999997,8.5,7.85,537.5
2010224,30.913909317875028,21.1,8.7325,6.85,1138.0
2010227,60.24436988485742,21.377499999999998,8.26,7.942500000000001,1564.0
2010230,9.471478831481994,26.450000000000003,9.2,9.533333333333333,218.0
2010231,30.304422063608854,25.2,6.786666666666666,8.823333333333332,50.666666666666664
2010232,35.855187819685135,28.100000000000005,8.366666666666667,6.586666666666666,339.06666666666666
2010234,0.3286545731469665,25.8,7.0,8.433333333333334,57.0
2010235,69.17266354777041,27.399999999999995,8.166666666666666,6.3,152.66666666666666
2010236,0.2679854981619514,26.25,7.75,8.1,279.5
2010237,0.7517266871280303,23.275,8.115,11.055,311.675
2010238,1.000043399279572,25.766666666666666,6.243333333333333,3.8233333333333337,76.5
2010239,12.161751471607925,16.515,8.8675,7.8475,675.875
2010240,11.792680437243657,24.485,8.38,6.6925,456.0
2010242,0.41812888707566376,26.155666666666665,8.506666666666666,8.083333333333334,632.5666666666666
2010244,3.2148640468091587,28.133333333333336,7.333333333333333,5.699999999999999,157.0
2010246,18.902522883207777,26.35,9.2,11.200000000000001,248.5
2010247,3.568198431479439,27.066666666666666,4.0,7.7,43.0
2010248,95.83620926461217,18.7,8.6425,6.4,2259.75
2010249,2.356902356902357,28.45,7.1625,5.75,88.275
2010250,1.3579557945647946,17.966666666666665,8.416666666666666,7.866666666666667,681.6666666666666
2010251,21.059808925533307,9.6075,7.8925,8.4,137.25
2010252,7.692528580122085,28.675,9.3,13.75,158.25
2010253,50.78848751165136,29.1,7.827500000000001,7.285,87.55
2010255,21.010177077974767,21.7275,8.99,9.254999999999999,264.0
2010256,5.7758503862311965,25.3,8.406666666666666,9.21,460.3666666666666
2010259,0.24646221160313958,16.69333333333333,8.346666666666666,8.416666666666666,744.9
2010260,98.82165516881206,24.166666666666668,8.733333333333333,10.766666666666666,600.3333333333334
2010261,0.6660941645979945,26.03333333333333,5.366666666666667,2.0,38.666666666666664
2010263,4.547054934947978,26.49,8.233333333333334,8.363333333333335,553.1333333333333
2010265,1.6262807809349158,19.0,8.1,5.466666666666666,3668.6666666666665
2010267,31.150455580162983,18.733333333333334,8.526666666666666,7.866666666666667,1264.0
2010268,75.39144250742682,19.925,8.344999999999999,8.145,785.75
2010271,20.955465454093922,23.96666666666667,8.186666666666667,8.913333333333332,178.29999999999998
2010273,4.624153615738359,28.266666666666666,6.966666666666666,7.0,87.66666666666667
2010279,0.9056719625450917,24.166666666666668,5.72,4.493333333333333,69.93333333333334
2010280,3.0621774536320063,26.683333333333334,7.066666666666666,4.913333333333333,85.0
2010281,45.840268555149464,23.933333333333337,8.696666666666667,10.299999999999999,179.0
2010282,0.22090220033914235,26.2,8.023333333333333,8.546666666666667,230.20000000000002
2010283,1.400286049874953,25.5,8.446666666666667,8.233333333333334,195.66666666666666
2010284,18.746372068406547,27.975,8.45,10.275,231.75
2010285,8.28643453505897,28.833333333333332,8.593333333333334,9.353333333333333,261.1333333333334
2010286,8.224937923799613,24.425,7.345000000000001,8.0,349.5
2010287,19.229310810971658,24.399999999999995,7.833333333333333,7.543333333333333,251.0
2010289,6.2791944915400855,26.74333333333333,8.03,8.013333333333334,53.0
2010291,1.8109510856666722,19.7,7.023333333333333,7.5633333333333335,36.800000000000004
2010293,0.43235328073999585,20.4,8.6,8.399999999999999,1454.5
2010294,8.72963667073873,19.433333333333334,8.546666666666667,9.3,1786.6666666666667
2010295,89.86252832809404,28.62,8.966666666666667,8.876666666666667,36.36666666666667
2010297,6.121584173124794,27.75,7.35,8.25,40.5
2010298,8.470438218132816,28.066666666666666,6.936666666666667,7.233333333333334,57.666666666666664
2010299,56.045292499660896,26.05,8.6,7.733333333333333,270.0
2010300,16.362115803258494,26.012333333333334,8.093333333333334,7.913333333333334,1768.0666666666666
2010301,63.76837167063098,27.078333333333333,8.713333333333333,8.856666666666667,744.5666666666666
2010302,33.77066275203456,27.55,7.45,8.55,152.0
2010303,28.500102126500693,20.666666666666668,8.116666666666667,8.896666666666667,179.0
2010304,18.32678426963931,21.197499999999998,7.29,5.305,147.55
2010305,1.705476488386733,27.5,8.466666666666667,9.666666666666666,72.0
2010306,10.208697656721542,25.46666666666667,8.78,8.549999999999999,211.33333333333334
2010308,45.293068067314096,26.25,8.045,8.796666666666667,144.60000000000002
2010309,60.577235043636016,26.766666666666666,9.1,10.223333333333334,261.8333333333333
2010310,23.44669308901785,29.03333333333333,6.786666666666666,5.59,284.1666666666667
2010311,79.76561128613531,23.25,8.45,8.633333333333333,507.5
2010312,8.283234058272154,22.9,8.0,6.7,444.0
2010314,0.2748137304649711,21.2425,8.48,7.7925,1207.0
2010316,0.33790145784403947,28.113333333333333,8.253333333333332,7.673333333333333,360.6666666666667
2010317,26.769594195562306,21.225,8.4375,4.725,7102.25
2010318,70.05780958178985,19.0,9.015,10.3,2082.5
2010319,3.125829676250566,25.776666666666667,6.296666666666667,3.5033333333333334,73.16666666666667
2010320,24.59219528601648,20.95,8.7,8.6,1722.0
2010321,0.7237798271807203,22.433333333333334,9.4,9.200000000000001,3000.0
2010323,98.55979478555646,19.0,8.656666666666666,9.5,2806.6666666666665
2010324,42.681076571722755,19.95,8.9275,8.575,6380.25
2010327,9.323786445279746,27.956666666666667,8.716666666666667,10.746666666666668,167.46666666666667
2010328,0.5957724356322391,23.4025,7.5649999999999995,8.4025,63.25
2010329,30.2261929887726,22.266750000000002,7.7125,6.967499999999999,390.525
2010333,1.196063211372945,27.406666666666666,7.686666666666667,7.8133333333333335,36.333333333333336
2010334,0.9677118106363319,9.383333333333333,7.9433333333333325,9.836666666666666,43.333333333333336
2010335,51.12107078331898,29.2,7.713333333333334,5.912008,2411.6666666666665
2010336,0.9862543438805802,27.195,5.84,8.33,43.65
2010337,0.9175908156091055,21.7,8.1,8.033333333333333,336.5
2010338,48.08187985495165,23.4,8.3,9.166666666666666,474.0
2010341,0.3935164953600014,23.875,6.975,7.975,140.25
2010342,4.230479242260025,25.633333333333336,6.8,8.433333333333334,45.0
2010343,39.83776887577506,28.35,8.25,6.35,148.2
2010344,0.39519518220162686,19.46666666666667,7.533333333333334,7.533333333333334,387.6666666666667
2010345,0.21461206870045935,14.9,8.4,9.0,479.0
2010346,86.0844137563607,15.075,8.9275,8.25,2405.0
2010349,3.859672514028381,23.7,7.533333333333334,8.666666666666666,65.33333333333333
2010350,13.167491081927196,26.2,7.3,7.6,39.75
2010351,0.20345042512906752,16.25,8.385,11.8,409.75
2010353,0.6609185471887203,19.3,6.599999999999999,8.975,91.0
2010354,74.65285990194623,24.3,8.64,10.186666666666667,817.6666666666666
2010355,95.44827486779137,29.8,8.33,6.155,1974.0
2010356,0.73891878463361,26.6,6.300000000000001,3.1,42.55
2010357,85.58899417772469,23.9,8.48,6.836666666666666,348.9
2010358,7.189451968443773,19.575,8.375,14.25,458.75
2010359,1.1157022070210818,28.751,8.653333333333334,7.993333333333333,367.3333333333333
2010360,5.395445173208438,27.996,7.6,6.355,615.6
2010361,80.712190067786,28.002,8.229999999999999,8.386666666666667,264.09999999999997
2010362,82.68056240494673,18.6,8.875,10.3,824.0
2010363,0.24649097804399903,25.633333333333336,7.7,11.266666666666666,142.33333333333334
2010364,19.248057055494762,23.833333333333332,8.866666666666667,10.149999999999999,89.0
2010365,20.246975476206472,25.133333333333336,8.286666666666667,8.57,341.0
2010367,2.170892508602184,20.7,7.15,5.425000000000001,245.0
2010368,26.054890769075666,30.175,8.1,4.547499999999999,1963.75
2010369,83.06020455602045,24.775,9.075,10.149999999999999,238.95
2010370,4.889451105488945,18.4,8.5725,4.199999999999999,3863.75
2010371,1.5128308906733179,21.7,9.1,8.9,409.0
2010372,2.3067977747586332,20.775,9.6425,15.33,400.95
2010373,30.05929865834104,29.35,8.47,9.11,44.7
2010374,9.430932202143303,18.9,8.7,8.149999999999999,2481.0
2010375,22.658361120155526,21.8,6.803333333333334,5.233333333333333,134.73333333333332
2010376,44.713920317072606,23.200000000000003,8.850000000000001,11.266666666666666,209.0
2010377,20.80354639753294,23.333333333333332,7.683333333333334,8.666666666666666,104.66666666666667
2010378,3.4444859483101045,23.15,8.86,8.399999999999999,711.0
2010379,53.78567693448942,26.41333333333333,8.47,7.5566666666666675,240.0
2010380,44.846446026448724,22.23333333333333,8.219999999999999,9.200000000000001,399.0
2010381,46.29303989787295,24.95,8.685,9.075,621.5
2010382,36.159883712772796,22.633333333333336,8.4,10.1,486.6666666666667
2010383,39.975564563722315,22.5125,7.9375,8.07,385.75
2010386,87.82353461464125,25.599999999999998,8.853333333333333,11.933333333333332,604.0
2010387,3.6584299243721317,25.0,6.3566666666666665,3.466666666666667,51.333333333333336
2010389,2.128780415852329,22.666666666666668,7.066666666666666,8.0,77.0
2010390,61.101240846616086,29.100000000000005,8.24,6.326666666666667,1477.6666666666667
2010391,30.18011175899799,28.15,8.7,8.4,219.0
2010392,67.05253089191247,21.175,8.5,7.875,2052.5
2010393,5.733319887196427,20.555,9.11,9.375,250.02499999999998
2010394,58.56801763193339,18.5,9.2525,8.4,2364.75
2010395,0.28824476363275225,24.186666666666667,8.28,7.136666666666667,2861.6666666666665
2010396,16.206189937817978,22.933333333333334,7.2,8.25,64.0
2010397,1.0894557019146056,22.8,5.966666666666666,0.45,76.0
2010399,18.551061722014044,28.4,7.6,7.4,138.0
2010400,2.924368140407929,29.0,7.24,6.53,163.14999999999998
2010401,23.537708454326722,19.5,6.6,7.875,18.0
2010402,3.570297298520295,19.25,7.900000000000001,8.65,20.0
2010403,0.8213596861929221,27.5375,8.4925,8.91,423.95
2010404,0.20516784549292674,8.633333333333333,7.346666666666667,24.066666666666666,61.0
2010405,2.4397483925588923,30.7,8.34,6.735,131.7
2010406,97.16261768307945,22.016666666666666,8.446666666666667,11.066666666666668,2231.6666666666665
2010407,49.699611965589504,26.4,8.6,9.466666666666667,291.5
2010410,95.38430304638055,23.026666666666667,8.826666666666666,8.923333333333334,2591.0
2010412,0.3404110300449111,24.266666666666666,7.066666666666666,7.900000000000001,201.0
2010413,4.909203284574859,28.3,6.616666666666667,1.93,67.93333333333334
2010415,0.3300114898725799,23.775,6.31,2.895,87.0
2010416,0.651137625120106,25.3,8.62,10.636666666666667,197.23333333333335
2010417,2.580488073494317,24.9,6.3875,3.875,260.75
2010418,78.97219413573963,27.5,9.0,13.05,154.0
2010419,79.17982028068522,30.3,8.166666666666666,5.593333333333334,290.93333333333334
2010420,70.92165890232577,25.125,8.7225,8.0625,344.5
2010421,7.175876260508299,25.7,8.1,4.7,6722.25
2010422,11.942985008686659,25.64,8.985,10.57,407.3
2010423,55.01753492891142,25.1175,8.55,7.625,1208.25
2010425,27.54081925017034,31.5035,8.342500000000001,13.407499999999999,353.025
2010426,97.41665623725589,22.6,8.3,9.366666666666667,355.0
2010427,41.621542680019076,27.3,7.366666666666667,9.200000000000001,114.0
2010428,73.32707317722902,28.0,7.2,8.6,72.0
2010429,3.751430419423852,23.400000000000002,6.866666666666667,9.175,194.33333333333334
2010430,97.3350016970508,24.9725,9.1625,2.5075,3963.0
2010431,1.1968300177907165,22.25,8.73,9.45,442.75
2010432,0.570297596716613,24.6665,8.36,8.26,268.70000000000005
2010433,6.801943923177915,26.46666666666667,7.900000000000001,5.233333333333333,1134.3333333333333
2010434,1.5737547634839946,20.1,6.45,8.3,22.0
2010436,3.051846895354794,25.766666666666666,8.7,6.59,1208.3333333333333
2010437,11.21357143288212,28.25,8.345,10.114999999999998,1653.5
2010438,0.32334286780251215,24.3,8.65,7.903333333333333,637.0
2010441,99.68993144268298,24.2,9.2,10.6,117.5
2010443,9.77212269892217,29.1,7.3,6.0,101.0
2010444,13.31663756071642,31.15,6.85,7.85,26.8
2010445,2.4851072368988065,17.333333333333332,7.2,9.066666666666666,16.533333333333335
2010447,17.00821860713495,30.0,7.703333333333333,6.353333333333334,186.1
2010448,12.627978600237608,24.7,8.42,8.49,455.23333333333335
2010449,9.868349498606637,27.485,6.529999999999999,1.915,258.675
2010450,2.936641131554339,27.95,6.199999999999999,2.1999999999999997,43.55
2010452,60.182749102707334,23.5,6.9925,4.800000000000001,105.75
2010453,46.53388010154267,31.150000000000002,7.489999999999999,3.676666666666667,35905.333333333336
2010454,79.33531385016441,24.68,9.120000000000001,9.66,210.5
2010455,2.578770230998082,23.205,7.0425,5.7525,108.825
2010456,26.178477690288716,30.47775,7.5925,5.545,274.975
2010457,9.422286564523263,26.633333333333336,7.1000000000000005,8.1,42.0
2010458,1.755339078306482,24.900000000000002,6.466666666666666,8.333333333333334,21.46666666666667
2010459,23.8170793485102,23.7305,8.61,9.36,259.5
2010460,5.206700574731029,24.599999999999998,6.883333333333333,8.166666666666666,24.0
2010462,0.4920356004687646,27.133333333333336,7.3,5.325,177.0
2010463,0.17162719524176107,14.74,8.44,7.933333333333334,70.03333333333333
2010464,64.1647597652357,29.47,8.200000000000001,11.266666666666666,224.66666666666666
2010465,7.351373973854544,30.509999999999998,8.120000000000001,8.045,224.05
2010466,71.25185783332748,28.775,7.775,4.8,513.25
2010467,6.637503601158436,25.564999999999998,7.83,8.603333333333333,450.3
2010468,27.539386383604654,23.8,8.5,8.8,234.5
2010469,6.728928901743086,29.75,5.586666666666666,3.533333333333333,57.800000000000004
2010470,17.83381838761848,21.71,6.77,8.355,23.35
2010471,75.90789505859405,23.433333333333334,8.453333333333333,5.739999999999999,417.76666666666665
2010472,10.254193212846184,24.5,7.505,8.753333333333332,229.5
2010473,4.023207708433675,23.465,7.220000000000001,6.973333333333334,200.60000000000002
2010475,36.64680379947151,26.6,9.05,9.05,219.0
2010478,3.783007648202044,24.7,8.33,6.8,300.5
2010479,0.48200008581603904,26.666666666666668,8.223333333333334,7.093333333333334,1023.6666666666666
2010480,0.1418416758358713,24.03333333333333,7.890000000000001,8.633333333333333,152.33333333333334
2010481,37.80052571525584,29.8,8.976666666666667,8.273333333333333,182.0
2010482,96.2368375196037,30.4,8.84,7.6418715,370.8
2010483,6.251883368758787,28.75,4.85,4.85,19.5
2010484,1.0332996745320577,29.866666666666664,7.43,4.586666666666667,171.66666666666666
2010485,50.13433260265545,31.16,8.52,8.295,123.5
2010486,0.528851724455819,23.866666666666664,9.406666666666666,8.566666666666668,995.3333333333334
2010487,48.62791713931852,23.2,7.8999999999999995,7.566666666666666,452.0
2010489,14.645834895255833,29.0,6.366666666666667,7.4,59.0
2010491,95.60523459028714,22.399999999999995,8.703333333333333,7.666666666666667,3437.6666666666665
2010492,78.89833983191221,22.126666666666665,8.79,8.62,1684.6666666666667
2010493,59.603616872665434,20.4,8.735,7.6725,2420.0
2010494,94.68367234744365,24.066666666666666,8.5,8.666666666666666,372.0
2010499,43.910071646215926,26.0,8.3,7.656666666666666,3130.3333333333335
2010500,0.7806378744245859,13.18,6.539999999999999,7.550000000000001,16.09
2010501,1.0220267913898982,23.59,6.955,8.035,78.35
2010502,0.9107741234797826,31.0125,7.65,5.895,136.05
2010503,32.88790852807348,31.749333333333336,8.46,8.316666666666666,122.06666666666666
2010505,70.88044898402144,32.33,9.14,11.33,203.7
2010506,0.30919361988430477,19.0,6.6,7.7,112.0
2010507,0.20009589621443158,24.666666666666668,6.533333333333334,7.833333333333333,19.566666666666666
2010508,4.508578809442284,22.100000000000005,8.5,8.066666666666666,557.0
2010509,96.89743738120569,23.5,9.1875,8.6,5396.75
2010510,38.724322182662625,22.5375,8.8675,8.807500000000001,2084.0
2010511,70.20085531303266,25.400000000000002,8.756666666666666,6.926666666666667,1082.3333333333333
2010513,64.48463914254565,21.833333333333332,5.836666666666666,1.5999999999999999,36.666666666666664
2010514,5.447136538305258,29.7175,7.265000000000001,4.105,150.475
2010515,42.17686135838317,22.899999999999995,8.573333333333332,8.5,3758.3333333333335
2010516,35.55184827465098,31.703333333333333,8.373333333333333,8.683333333333332,300.8666666666667
2010517,13.60481651415873,26.600000000000005,8.013333333333334,7.1499999999999995,8861.0
2010518,14.34003266222012,29.55,7.9975,6.5375,222.275
2010520,0.23543633713703563,24.915,8.765,8.705,329.75
2010521,29.596980791961375,28.52,6.91,8.105,34.35
2010522,53.43786874829809,25.233333333333334,6.266666666666667,7.866666666666667,8.233333333333333
2010523,18.73193751415988,17.685000000000002,8.254999999999999,7.22,77.045
2010525,10.415847832465138,21.11,9.2675,6.995,2310.75
2010526,1.5083183382606729,21.615000000000002,8.762500000000001,8.04,2528.75
2010527,86.20189459203618,29.733333333333334,8.523333333333333,9.593333333333334,465.0
2010528,8.514303715225138,29.886499999999998,8.335,6.82,233.25
2010529,98.01176476457998,25.5,8.43,6.156666666666666,311.2
2010530,66.11933089716372,29.75,8.1125,7.7425,553.25
2010531,0.22344805683369187,19.566666666666666,5.666666666666667,7.599999999999999,1.7
2010534,97.8040743116061,27.55,9.755,13.71,243.275
2010535,83.03964664627524,22.12,8.846666666666666,8.376666666666667,1808.6666666666667
2010536,62.51887902337159,28.725,7.0625,10.815000000000001,36.0
2010537,41.92779167298445,26.629333333333335,8.046666666666667,5.805,318.73333333333335
2010538,2.7583766738484274,22.333333333333332,6.033333333333334,5.7,9.266666666666667
2010540,94.40175011499356,21.5,8.532499999999999,7.3,1941.5
2010541,11.991172195478995,29.450000000000003,8.3,6.7,306.5
2010542,97.2668212338141,25.899999999999995,9.33,6.196666666666666,2899.0
2010543,71.55461784021294,25.8345,9.065000000000001,9.440000000000001,304.8
2010544,9.396235696466428,17.066666666666666,7.033333333333334,9.066666666666666,13.266666666666666
2010545,62.37329848909637,27.7,8.51,8.453333333333333,517.0
2010546,20.40451563058544,29.4,8.665,7.039999999999999,399.9
2010549,1.7652903098922041,22.503500000000003,8.48,8.88,118.95
2010550,2.89973583777578,24.525,8.625,9.1,146.2
2010552,5.595608774092882,21.599999999999998,8.5,7.966666666666666,760.0
2010553,3.9262680291052594,22.9,8.6,6.05,2025.0
2010557,0.9928163911973532,24.133333333333336,7.09,8.323333333333332,24.133333333333336
2010558,3.1928955746281162,24.96666666666667,8.65,8.886666666666667,171.46666666666667
2010559,11.730892927768856,30.263333333333332,7.216666666666666,6.676666666666667,286.6333333333333
2010560,0.5250179511033503,25.975,7.375,7.475,137.5
2010561,74.02571002684415,23.066666666666666,8.633333333333333,6.3,2638.3333333333335
2010563,24.11706956429732,26.733333333333334,7.82,7.503333333333334,219.1
2010564,0.3846606388081856,24.8,6.8,7.7,216.2
2010567,6.803611458814235,25.3,6.9,7.7,37.5
2010568,6.674416063107905,25.590333333333334,8.586666666666666,7.3933333333333335,484.9666666666667
2010569,97.84031197847665,24.233333333333334,9.113333333333333,6.426666666666667,4077.6666666666665
2010570,2.678861038853661,28.866666666666664,7.94,8.183333333333334,79.23333333333333
2010571,21.84973414554479,23.2,8.133333333333333,7.099999999999999,418.0
2010572,15.147328063054827,21.290000000000003,7.503333333333333,8.163333333333334,25.53333333333333
2010573,15.63395682158937,29.0,9.3,9.4,99.0
2010574,39.58708521964082,24.7,7.0,7.233333333333333,66.0
2010575,4.979674796747967,27.899999999999995,6.866666666666667,6.800000000000001,76.0
2010576,0.3525110667967811,21.65,7.5875,5.1275,538.925
2010577,25.32859069833222,30.98,6.223333333333333,8.053333333333333,30.566666666666666
2010578,8.56633740618185,21.233333333333334,8.1,9.1,139.0
2010579,72.89665067731997,22.424999999999997,8.715,6.275,1943.25
2010581,2.8228020360125607,23.566666666666666,8.5,9.093333333333334,252.5
2010582,8.774891315143732,24.8,8.433333333333334,8.566666666666666,640.0
2010583,65.9742170601996,24.2,8.583333333333334,5.193333333333333,631.0
2010584,0.35544520256915646,22.3,6.966666666666666,7.233333333333333,9.0
2010585,1.777816072146591,22.8,7.099999999999999,6.400000000000001,527.0
2010586,41.9503594195036,24.7,8.725000000000001,7.355,439.0
2010587,99.15385098953601,23.35,8.625,6.225,1578.25
2010588,8.812038861647038,25.4,8.2,7.2375,176.25
2010589,2.0440962433405723,28.9,7.5,8.166666666666666,96.0
2010590,0.8942416462244366,21.666666666666668,6.733333333333333,7.933333333333333,246.66666666666666
2010592,40.43104945777601,26.936666666666667,8.59,8.943333333333333,729.0
2010593,0.36710230079056533,27.399999999999995,8.91,9.166666666666666,191.0
2010594,87.17294943710037,28.493333333333336,8.583333333333334,8.403333333333334,373.73333333333335
2010595,19.21294734237578,24.438,8.556666666666667,8.636666666666668,56.800000000000004
2010596,44.89542196869972,25.00333333333333,8.786666666666667,8.01,104.86666666666667
2010597,54.99080589540518,26.599999999999998,8.666666666666666,5.65,267.0
2010598,26.119772049319185,30.869999999999997,6.605,7.28,75.65
2010599,2.160619649408887,32.096666666666664,3.6833333333333336,6.743333333333333,55.46666666666667
2010600,1.1207243187511509,28.0,7.706666666666667,7.883333333333333,102.16666666666667
2010601,0.24993108943548928,22.866666666666664,7.6000000000000005,7.0,93.0
2010602,27.79044110653893,24.766666666666666,8.1,6.233333333333333,2384.3333333333335
2010603,38.60577156782761,21.166666666666668,9.209999999999999,3.55,390.3333333333333
2010604,99.96330500731281,23.100000000000005,8.886666666666668,6.5,1284.3333333333333
2010605,62.32735998541795,26.92,8.156666666666666,10.973333333333334,357.73333333333335
2010606,22.66555172427422,20.233333333333334,6.666666666666667,1.633333333333333,214.33333333333334
2010607,0.4196216448320024,23.5,6.833333333333333,7.933333333333334,34.0
2010608,1.2562034130068331,26.450000000000003,8.2,3.7999999999999994,361.5
2010609,5.653098194456019,23.333333333333332,7.266666666666667,8.166666666666666,25.0
2010610,12.425995466693731,23.8,7.266666666666667,8.1,27.0
2010612,10.676064367339535,19.7,7.3999999999999995,8.5,27.0
2010613,39.083766060982974,24.57,6.9875,5.05,219.6
2010614,0.2292538586623304,21.0,6.4,7.3,2.3
2010616,1.8932593438877103,24.400000000000002,5.833333333333333,0.475,115.0
2010617,22.32492883469348,29.5,8.7,8.4,97.0
2010618,0.15687294004106117,29.766666666666666,7.226666666666667,3.67,127.43333333333332
2010620,0.8732637085291404,26.175,7.025,7.4,70.5
2010621,1.3632405791839382,26.833333333333332,5.866666666666667,6.575,69.33333333333333
2010625,0.3133960207794607,22.549999999999997,6.3,7.15,51.0
2010626,3.009836487941331,22.65,5.9,7.1,12.0
2010628,24.238319283010195,26.899999999999995,8.5,6.873333333333334,249.0666666666667
2010630,30.77315060770006,24.2,9.7225,9.1,4443.25
2010632,56.211803474447905,25.900000000000002,8.6,11.266666666666666,450.0
2010633,9.72004884549596,25.25,8.530000000000001,10.325,379.475
2010634,1.4894837464086665,25.633333333333336,7.8999999999999995,8.546666666666667,78.10000000000001
2010635,10.150539247732445,26.08,7.49,7.9350000000000005,54.0
2010637,50.79425728407908,26.05,9.1,21.400000000000002,355.0
2010638,15.361701747010045,18.933333333333334,6.0,4.0,34.0
2010639,0.5827355732701447,23.133333333333336,5.6000000000000005,7.2,2.5
2010640,51.74618822397877,26.575,7.955,7.015000000000001,279.95
2010641,38.38047728485694,26.43,8.53,8.73,186.6
2010642,77.43262602392527,29.15,7.9325,6.07,307.775
2010643,6.528062312527531,23.566666666666666,7.3,1.7933333333333332,409.8
2010644,6.461400996199648,25.75,7.45,8.4,164.5
2010646,0.8328786774664922,27.8,6.869999999999999,7.87,17.0
2010647,0.10100483183727331,18.5,7.03,7.64,18.79
2010649,1.3866422611953007,25.566666666666666,8.6,11.6,6070.333333333333
2010650,97.82446788546508,23.46666666666667,9.19,4.133333333333334,356.0
2010651,96.86701845873739,26.46666666666667,8.703333333333333,13.633333333333333,1755.6666666666667
2010652,11.76670161794915,28.46666666666667,7.866666666666667,6.633333333333333,236.66666666666666
2010653,12.444092885305984,25.133333333333336,8.266666666666667,5.825,417.3333333333333
2010654,2.3843047032909612,22.233333333333334,6.8,7.566666666666666,6.666666666666667
2010655,1.3034649039396862,26.2,7.945,8.175,135.7
2010656,40.749311980481494,24.180000000000003,9.11,6.913333333333333,202.9
2010657,80.47059143786979,28.3,8.923333333333334,10.386666666666667,409.8666666666666
2010658,1.5811877636984395,24.85,6.725,7.8,125.5
2010659,83.96922661819421,28.2,7.18,2.7433333333333336,90.39999999999999
2010660,2.513967687434915,23.099999999999998,5.06,5.97,17.900000000000002
2010661,0.26397963201362906,23.900000000000002,6.8,7.966666666666666,35.666666666666664
2010662,6.916255489428082,26.099999999999998,8.066666666666666,7.7,119.0
2010663,1.039451993827104,20.4,7.95,7.45,67.0
2010664,87.36986943944962,25.53333333333333,8.87,13.103333333333333,289.0333333333333
2010665,0.21533393061682748,20.25,7.8,8.6,22.0
2010667,2.7233377419742695,29.2,7.23,5.68,54.150000000000006
2010668,6.226676555403703,26.825,8.4675,10.395,348.675
2010669,34.07831519287588,29.52,6.8100000000000005,6.34,35.1
2010670,2.2933424980573593,19.725,8.315,7.26,220.6
2010671,4.694470421101933,26.175,6.9,6.8500000000000005,429.25
2010672,1.9305289590031458,27.2,5.966666666666666,9.933333333333334,12.333333333333334
2010673,1.3883824643087537,24.5,7.826666666666667,8.700000000000001,98.0
2010675,21.96003287261027,26.333333333333332,9.633333333333333,11.625,250.33333333333334
2010676,21.390595710438305,26.733333333333334,8.49,10.006666666666668,702.5
2010677,0.04434754278519154,17.225,8.265,11.775,198.75
2010682,5.735838909373422,21.375666666666664,8.323333333333332,9.86,360.8333333333333
2010684,0.1137028643147164,20.349999999999998,8.8325,8.575,3228.0
2010685,88.39910489762983,23.399999999999995,7.833333333333333,8.066666666666666,278.3333333333333
2010686,74.87946157627721,24.735,7.0075,6.7625,173.525
2010688,4.972556049841755,27.484,7.295,6.14,165.05
2010689,4.538621314880481,26.2405,6.8975,6.3525,120.6
2010690,67.39038941361935,28.675,7.28,3.9050000000000002,141.95
2010691,57.50870469469306,22.066666666666666,6.66,3.8333333333333335,72.0
2010692,15.373301491854697,24.53333333333333,7.133333333333333,7.3,137.0
2010693,94.34437891750513,26.775,9.253333333333332,11.2925,528.6666666666666
2010694,0.46014827842382156,23.899999999999995,7.166666666666667,8.466666666666667,19.0
2010695,26.87816242956698,28.236666666666665,6.313333333333333,6.91,76.8
2010696,10.075566750629724,24.733333333333334,8.7,9.633333333333333,315.0
2010698,29.063465171369458,23.02,7.98,8.184999999999999,128.64999999999998
2010699,61.463352139649984,22.73333333333333,8.9,5.666666666666667,108.33333333333333
2010700,0.7485291547736938,26.100000000000005,8.3,7.8,231.0
2010701,0.42175271029361255,21.255499999999998,6.8525,4.1875,61.925
2010702,92.37198952713625,20.2,8.875,7.1,258.0
2010703,45.77433995514877,29.7,7.283333333333334,6.080000000000001,112.7
2010704,87.51806352719169,20.73,9.233333333333334,8.166666666666666,2059.0
2010705,1.2138291371125869,22.2,9.6,8.1,2700.0
2010706,3.1250278983814472,22.4,7.305,8.25,31.0
2010707,7.6233284358891344,21.400000000000002,6.06,6.91,35.25
2010708,79.11543104990163,23.45,8.469999999999999,9.255,901.0
2010709,5.174170794601636,23.399999999999995,8.6,8.266666666666667,356.0
2010712,7.4306430636325045,27.203333333333333,6.256666666666667,6.94,54.63333333333333
2010714,35.29374462109888,25.3125,6.8825,6.8225,107.25
2010715,72.4060561712422,23.049999999999997,6.35,3.2,265.25
2010716,5.085765703905061,22.7,8.05,8.133333333333333,64.0
2010717,82.91814963344304,26.400000000000002,8.786666666666667,9.233333333333334,349.6666666666667
2010720,18.116287495947674,20.4,8.7675,8.225,4255.25
2010721,1.5803094153915773,26.4,7.4,5.400000000000001,258.0
2010725,1.5614302992039368,23.05,6.05,7.8,11.0
2010726,38.706922602501976,28.05,8.55,9.466666666666667,218.0
2010727,33.2427591696773,24.866666666666664,7.633333333333333,8.866666666666667,151.0
2010728,16.818700388468223,29.4,7.77,7.12,101.30000000000001
2010729,76.72795152408587,26.25,8.524999999999999,14.0,168.0
2010730,0.390422735448905,17.1,6.3,9.863333333333333,20.0
2010731,11.454831427725429,25.5,6.9,8.3,55.0
2010732,2.9357595937154675,21.325,5.52,8.793333333333333,7.3
2010733,4.105558294306137,25.906666666666666,7.44,8.673333333333334,551.3000000000001
2010734,6.610481514634599,22.2,7.325,8.8,26.6
2010735,6.122281483830639,23.6935,8.175,8.14,277.54999999999995
2010736,6.043764164401793,22.200000000000003,7.8100000000000005,7.265,220.0
2010737,99.77075514446297,20.675,8.424999999999999,7.55,249.0
2010739,8.33699278378219,22.475,7.45,8.7,63.25
2010740,75.69274128222305,27.85,9.2,14.799999999999999,383.5
2010741,1.7345218019754278,27.1,8.1,8.1,204.0
2010744,3.119643418485062,27.75,7.15,8.85,18.3
2010745,16.478783690393918,28.3,8.635000000000002,5.220000000000001,353.55
2010746,68.73124629486068,25.450000000000003,8.0,9.1,131.0
2010747,1.0541628607192395,24.65,7.35,9.0,226.0
2010749,0.1437292750949777,20.395000000000003,5.005000000000001,3.11,7.25
2010750,5.168922028905459,29.85,7.93,6.82,44.5
2010751,0.17030793528391144,23.233333333333334,7.7,7.733333333333333,37.0
2010752,1.0645477211696552,23.009333333333334,5.73,8.586666666666666,29.46666666666667
2010754,34.530580835117775,22.2,8.526666666666666,8.15,629.3333333333334
2010755,25.856879522100208,18.95,6.0675,4.57,20.9
2010757,7.152312849031405,20.35,8.9525,7.35,5583.25
2010758,13.50040963240528,28.7,7.965,6.005,177.5
2010759,57.7702725884166,29.0,7.15,7.933333333333334,63.0
2010761,77.05755001999908,25.549999999999997,8.3,8.133333333333333,196.5
2010762,17.606252076163262,30.31,7.72,7.9,39.9
2010763,53.77858766795697,20.966666666666665,7.233333333333334,7.833333333333333,61.0
2010768,89.29463128048653,21.299999999999997,7.37,8.026666666666666,47.2
2010769,5.784093565594384,20.175,8.5725,3.775,4118.5
2010771,3.8209814654493197,25.100000000000005,8.593333333333334,7.6000000000000005,652.0
2010772,0.08655698100486861,23.633333333333336,5.2,7.533333333333334,13.0
2010773,0.2141072286594714,29.45,6.975,8.1,92.0
2010774,1.211086771748219,23.133333333333336,6.066666666666666,8.0,12.800000000000002
2010775,19.7183391665869,16.733333333333334,8.200000000000001,11.033333333333333,197.33333333333334
2010780,42.42904748780322,21.899999999999995,8.833333333333334,4.233333333333333,2440.3333333333335
2010782,0.5930026411954122,15.35,7.2,10.493333333333334,30.0
2010784,2.782700155392352,21.325,8.25,5.325,1108.0
2010785,97.96478560231728,21.388,8.766666666666666,8.133333333333335,1984.0333333333335
2010786,11.749876608831011,19.6175,8.175,6.359999999999999,706.95
2010787,22.024278945527396,26.099999999999998,9.0,13.4,341.0
2010788,69.51062827095271,30.296666666666667,7.75,9.0,80.2
2010789,3.5115652378128144,28.8,8.4,7.633333333333333,365.3333333333333
2010790,66.24204470400383,20.494999999999997,7.95,9.213333333333333,87.95
2010792,0.2336463017745393,22.5,7.300000000000001,6.949999999999999,309.0
2010793,9.074866407551639,23.900000000000002,7.966666666666666,8.5,159.33333333333334
2010794,13.196198724888728,22.666666666666668,8.166666666666666,9.7,597.6666666666666
2010795,63.21516136697486,26.276666666666667,7.91,9.28,155.0
2010797,10.863701145705654,29.575000000000003,7.525,6.275,182.0
2010798,57.01559286363419,21.2,8.3,6.733333333333333,1464.0
2010800,7.05093370445954,19.366666666666664,8.466666666666667,8.3,1236.0
2010801,49.16545498606567,30.295,7.48,8.53,66.0
2010802,0.9243450103032087,29.2,9.0825,7.385,158.0
2010803,27.3146742837112,26.48,7.2325,5.615,344.0
2010807,32.180765283682746,31.15,7.945,5.655,402.85
2010808,9.548359354107946,26.6725,5.5575,2.925,60.25
2010809,0.2051914334136809,19.666666666666668,8.036666666666667,5.873333333333334,337.3666666666666
2010810,1.303524204816135,21.566499999999998,8.65,8.22,404.70000000000005
2010811,57.31997658551943,20.916,8.99,9.623333333333333,543.2333333333333
2010812,22.518931608363165,27.150000000000002,7.683333333333334,6.3500000000000005,183.66666666666666
2010813,58.66935483870967,24.0,9.18,7.366666666666667,6630.666666666667
2010817,0.2838428429567967,24.03333333333333,6.2,4.966666666666667,33.0
2010818,73.46177720881498,25.1,9.0,7.433333333333334,201.0
2010819,0.3037547870446403,22.599999999999998,7.733333333333333,8.166666666666666,148.33333333333334
2010821,0.5102117701765074,22.25,7.7,8.6,39.0
2010825,1.8945990164362148,24.600000000000005,9.6,8.525,145.0
2010826,23.523115199907423,21.05,8.35,1.5,5119.5
2010827,61.38243763835517,20.135333333333335,8.200000000000001,10.293333333333333,373.59999999999997
2010829,0.21876085508084586,24.91,8.645,8.0125,253.125
2010830,80.1758915146529,21.266666666666666,8.74,11.1,842.1666666666666
2010831,1.640561431355456,22.46666666666667,8.799999999999999,9.700000000000001,89.66666666666667
2010832,0.2889167508816364,21.1,9.1,8.333333333333334,616.3333333333334
2010833,1.8144592211999853,26.45,6.805,7.575,21.5
2010835,17.666074561161558,13.633333333333333,6.5,8.433333333333334,10.0
2010836,0.9593760359827612,20.8,8.6775,6.825,2331.0
2010838,0.17337619280952615,20.65,6.6,7.1,22.0
2010839,0.8162746553074252,16.1,6.1,5.35,21.5
2010841,43.26333267912161,22.066666666666666,7.0,7.633333333333333,55.0
2010844,0.27336235699098915,17.433333333333334,6.176666666666667,6.726666666666667,14.199999999999998
2010846,5.508344480497085,24.4725,7.922499999999999,6.5025,63.025
2010848,82.21602528350994,24.633333333333336,9.02,11.086666666666668,522.0
2010852,5.33084828292803,14.7,4.55,8.1,9.0
2010853,41.39359859059349,21.7,8.3,4.967248666666666,255.0
2010856,42.668170443977466,22.5,6.925,7.95,166.0
2010857,58.465986239679204,21.433333333333337,8.866666666666667,10.833333333333334,286.3333333333333
2010860,22.934902374903764,27.8,7.2,8.25,19.5
2010861,4.23070210559816,10.423333333333334,7.19,7.59,27.836666666666662
2010862,20.582201603068643,18.566666666666666,8.713333333333333,8.233333333333333,3297.6666666666665
2010863,6.206402801537723,24.09,5.96,7.43,47.0
2010865,2.846465008054412,27.493333333333336,5.673333333333333,6.57,35.733333333333334
2010867,23.333938623570003,25.266666666666666,7.919999999999999,6.583333333333333,2658.0
2010868,0.4908104877341326,17.2,9.933333333333334,11.033333333333333,114.33333333333333
2010870,7.9266843921479895,27.744666666666664,8.273333333333333,6.8066666666666675,673.0
2010874,4.515015840290723,23.586666666666662,7.97,8.606666666666667,302.1333333333334
2010875,4.9946624737725,23.8,7.985,6.202500000000001,238.0
2010876,58.78504287335438,16.566666666666666,9.233333333333333,9.2,125.33333333333333
2010877,50.08048264236555,26.066666666666666,6.466666666666666,7.533333333333334,29.0
2010878,8.22115377191497,17.133333333333336,5.3,6.866666666666667,28.100000000000005
2010880,52.07838490977649,18.9,7.56,9.3,77.0
2010881,0.877926968932765,20.200000000000003,8.5,8.5,395.0
2010882,2.7726882265024106,17.3,6.8,8.350000000000001,29.0
2010883,0.7935276006959394,17.4,6.7,8.25,17.0
2010884,80.18429612882046,18.75,8.95,10.700000000000001,546.0
2010885,99.49242709834148,20.217333333333332,8.476666666666667,6.69,866.4
2010886,0.5605022109629951,17.175,7.45,9.65,144.0
2010887,53.52023995625523,20.5,8.3,8.5,382.0
2010888,1.4967654209073304,19.845,9.137500000000001,10.215,6589.25
2010891,68.98762096440683,21.493333333333336,8.43,7.98,70.36666666666667
2010892,31.827284477255358,19.466666666666665,8.766666666666667,9.066666666666666,216.66666666666666
2010893,0.44918450193365517,19.97825,7.965,6.305,350.9
2010894,1.6369280841412543,25.2,7.5566666666666675,4.706666666666667,252.0
2010895,4.977131010672195,22.399999999999995,6.9366666666666665,8.15,38.1
2010896,25.369653578144575,25.19,5.93,7.43,19.6
2010897,10.724606426568903,20.900000000000002,8.226666666666667,8.466666666666667,219.33333333333334
2010898,53.58084746841261,19.05,7.65,7.57,127.0
2010899,0.4550985294257441,15.133333333333333,7.1000000000000005,7.733333333333333,19.9
2010900,85.89211786260161,25.400000000000002,7.599999999999999,6.8,150.33333333333334
2010902,45.560874682655715,17.686666666666667,7.1433333333333335,9.146666666666667,64.0
2010906,3.2961113632924794,18.31,8.386666666666665,8.646666666666667,217.0
2010907,84.72036966377757,21.5,8.8,9.833333333333334,369.5
2010909,16.797264939420234,26.0,7.266666666666667,7.066666666666666,85.2
2010910,11.58662935169362,20.123333333333335,8.686666666666667,9.466666666666667,243.46666666666667
2010911,78.86527496347956,22.380000000000003,10.6,8.879999999999999,716.4
2010912,68.97322288576382,24.675,10.29,17.125,452.95
2010913,6.176144153554874,23.125,7.415,3.3325,243.0
2010914,8.66401416193843,21.233333333333334,7.243333333333333,8.403333333333334,115.13333333333333
2010915,6.554460363408368,18.9,8.184999999999999,6.795,652.75
2010916,0.3694796135752141,20.15,7.0,8.225000000000001,158.25
2010917,0.7821067020990298,19.6,6.359999999999999,8.766666666666667,29.0
2010918,41.26906313444946,20.525,5.8425,5.4825,49.75
2010919,18.921635558137844,19.4,8.42,6.8,737.0
2010921,0.9740745485509824,17.266666666666666,7.033333333333334,6.866666666666667,20.333333333333332
2010922,5.100919484193743,18.566666666666666,7.323333333333333,8.15,17.866666666666664
2010923,5.545013580429129,16.9,9.8,7.8,1031.25
2010924,0.2459148518514245,25.96,7.42,8.25,102.9
2010925,0.09468178367918578,17.6025,5.86,2.3175,197.5
2010926,77.26849553128103,20.366666666666664,8.893333333333333,8.81,401.8666666666666
2010927,92.69725337227864,15.666666666666666,8.96,8.9,3966.3333333333335
2010928,49.69812809077395,28.26,8.71,10.44,49.7
2010929,11.803401158055532,21.166666666666668,7.633333333333333,8.533333333333333,274.3333333333333
2010930,1.8719662095172105,23.0675,6.73,5.0649999999999995,202.25
2010931,1.2604768416450385,10.850000000000001,5.175,8.4,3.6
2010933,4.085621005196119,22.595,5.7575,6.665,142.525
2010934,3.138632407895859,27.3,7.515000000000001,7.2,190.0
2010935,0.43892587110744935,21.45,7.5825,8.8,196.75
2010936,2.8701528720061518,28.125,7.045,7.515000000000001,69.75
2010939,26.92602800267628,28.97666666666667,8.163333333333334,5.086666666666667,369.7
2010940,1.9978087473338926,25.15,6.65,8.2,31.0
2010941,52.42636647274171,27.8,9.45,10.9,103.5
2010942,0.5255408431265781,24.502499999999998,7.6775,9.93,114.0
2010943,35.55140651434871,29.2,7.61,4.8,545.3333333333334
2010945,16.6547604552127,23.593333333333334,3.11,7.426666666666667,2511.6
2010946,56.860069859099816,28.91,8.67,11.22,206.0
2010947,0.5964388811879549,21.45,9.43,10.225,386.5
2010948,70.20480953335499,24.400000000000002,8.733333333333334,11.266666666666666,397.3333333333333
2010949,4.302474408652703,22.366666666666664,7.333333333333333,5.6000000000000005,139.36666666666667
2010950,39.13643325655626,28.03333333333333,8.013333333333334,6.683333333333334,367.0
2010951,7.07442262039462,26.03333333333333,8.3,7.566666666666666,253.0
2010952,54.887725245166244,25.03333333333333,8.166666666666666,6.933333333333334,262.3333333333333
2010953,93.22548365577052,21.899999999999995,8.59,7.093333333333334,562.3333333333334
2010954,99.76358124997206,13.566666666666668,8.703333333333333,9.066666666666666,1050.0
2010955,56.724419987724175,13.55,9.4775,8.55,3036.25
2010956,8.3745923218987,28.3,7.6499999999999995,5.400083333333334,330.09999999999997
2010957,98.31052427184466,13.2,9.272499999999999,8.55,1819.0
2010959,0.4817084992468644,13.533333333333333,6.266666666666667,8.5,3.0
2010960,0.8020795288531776,26.034,6.695,5.3175,160.05
2010961,1.4355440712029859,9.866666666666667,6.900000000000001,9.7,9.0
2010962,5.244310764173797,24.100000000000005,8.12,5.253333333333333,236.0
2010963,0.6835605488773794,23.825,7.4,8.25,141.0
2010964,0.5399694842011256,24.276666666666667,5.59,8.39,18.3
2010965,24.24096478084887,10.850000000000001,9.335,6.05,1600.0
2010966,0.0,12.15,7.5,7.15,188.9
2010967,3.014970310278498,18.8,6.533333333333334,7.0,23.0
2010969,92.13822818336376,20.6,8.14,7.876666666666668,299.8333333333333
2010971,34.21857373907607,23.05,8.3,10.3,1847.5
2010972,6.81951170069182,23.3,8.7,10.866666666666667,1017.5
2010973,5.617911500264442,22.8,8.333333333333334,12.733333333333334,1122.0
2010974,43.870917208427976,23.7,8.8,8.366666666666667,1800.0
2010975,6.242882285950927,20.261,7.6433333333333335,9.073333333333332,70.89999999999999
2010976,0.08975971657535335,11.933333333333332,8.483333333333334,9.88,800.3333333333334
2010977,2.031648311368067,19.566666666666666,8.6,9.933333333333334,229.0
2010978,3.2891596506775542,19.333333333333332,7.933333333333334,7.27,591.3333333333334
2010979,23.16955474562322,21.383333333333336,9.296666666666667,9.766666666666667,41.333333333333336
2010980,29.19435512318857,20.6,8.293333333333333,10.173333333333334,767.6666666666666
2010981,9.85151757003481,22.67,8.35,9.693333333333333,24.0
2010982,97.89357218550366,30.333333333333332,8.38,9.033333333333333,649.0
2010983,0.8422418041319726,18.665,6.805,9.225000000000001,25.0
2010984,70.01201449953078,23.425,8.385,9.8525,2582.75
2010986,0.0846713135558773,20.633333333333336,8.033333333333333,9.686666666666666,340.75
2010987,43.146714536818884,22.166666666666668,8.536666666666667,10.030000000000001,254.33333333333334
2010988,1.034349917832752,28.899999999999995,7.293333333333333,4.97,54.36666666666667
2010989,1.8751992680796796,20.933333333333334,6.989999999999999,4.773333333333333,411.0
2010990,7.395822409068317,22.490000000000002,7.43,6.24,51.5
2010991,0.004701462292041797,16.763333333333332,8.483333333333333,10.976666666666667,348.0333333333333
2010992,5.771022058447208,29.203333333333333,7.510000000000001,5.526666666666666,35975.0
2010993,1.2343468347479378,20.75,9.0,7.65,424.0
2010994,2.7580217955981636,17.266666666666666,6.833333333333333,7.375,299.0
2010995,0.7897010269090387,21.0,5.946666666666666,6.47,19.666666666666668
2010996,16.896695943120033,23.45,8.649999999999999,9.7,304.0
2010997,1.736707360835816,21.313333333333333,8.459999999999999,7.25,853.2000000000002
2010998,47.876180107829995,21.85,9.9,10.1,1157.5
2011000,0.22750081184765517,21.421333333333333,8.406666666666666,9.156666666666666,129.13333333333333
2011001,19.28216905803764,25.450000000000003,8.149999999999999,8.25,65.5
2011002,5.007238683524756,21.45,8.5,10.466666666666667,487.0
2011003,95.85615529520271,26.115000000000002,8.776666666666666,9.01,180.66666666666666
2011004,70.7762009744048,26.9,7.779999999999999,4.25,254.95
2011005,0.6999784894535056,18.183333333333334,8.113333333333333,5.75,1601.6666666666667
2011006,2.3046084867426595,21.400000000000002,6.7,6.55,81.93333333333334
2011007,0.5458772985860303,24.423333333333332,8.56,10.513333333333334,449.59999999999997
2011008,25.717246825031253,25.0,8.233333333333333,8.3,460.0
2011010,75.5025888575727,25.6,8.4,11.6,507.0
2011011,4.324550313726862,21.596666666666664,7.613333333333333,8.456666666666667,14.0
2011012,1.6168157742466729,18.866666666666664,8.5,5.666666666666667,560.0
2011013,20.885133775900222,23.933333333333334,8.533333333333333,8.799999999999999,478.6666666666667
2011014,0.5383606705628342,26.03333333333333,8.46,8.923333333333334,251.33333333333334
2011015,2.4364914523086756,25.766666666666666,8.333333333333334,8.836666666666666,286.6666666666667
2011016,0.6543140334319405,25.766666666666666,7.966666666666666,8.6,56.0
2011018,0.5076092292587138,26.75,8.275,7.475,336.5
2011019,3.415986804585611,20.2,8.9,8.233333333333333,5533.0
2011020,99.30947151786089,14.963333333333333,8.139999999999999,8.063333333333334,257.79999999999995
2011021,93.31699025738706,25.55,8.9,8.8,843.0
2011022,0.6744854410173698,26.599999999999998,6.78,9.979999999999999,45.666666666666664
2011023,59.957711877503094,27.0,8.073333333333332,4.273333333333333,250.9333333333333
2011024,2.1461802698318757,24.615000000000002,6.945,8.504999999999999,45.0
2011025,91.71156721066401,25.5,8.25,5.8,570.0
2011026,8.983864233218934,23.733333333333334,8.426666666666668,8.81,248.5
2011028,6.754232514009548,20.8,6.766666666666667,0.425,381.0
2011029,1.6928398388181067,19.2,8.8,8.25,9700.0
2011030,7.611007902665344,25.5,8.4,9.166666666666666,245.66666666666666
2011033,4.755290768335012,22.633333333333336,7.37,7.7,115.33333333333333
2011034,98.04203210116114,24.95,7.75,14.4,482.5
2011035,0.21814224430614718,22.157333333333337,7.96,8.12,139.5
2011037,3.1335738386279526,24.05,8.55,9.399999999999999,603.5
2011038,2.559144115728954,23.7,8.3,7.066666666666666,259.3333333333333
2011039,0.4152374074742733,22.233333333333334,8.466666666666667,10.266666666666666,334.0
2011042,12.774609942540904,25.715,8.55,9.0,172.0
2011043,25.69491687890161,22.03333333333333,7.203333333333333,6.933333333333334,558.6666666666666
2011044,82.58637099067454,23.399999999999995,8.4,6.5,275.6666666666667
2011045,1.5924571678053339,18.133333333333333,5.566666666666666,7.433333333333334,11.766666666666666
2011046,1.6422477703016345,23.884,9.7,10.81,84.06666666666666
2011048,1.0877300937623342,20.55,7.2,6.765000000000001,252.0
2011049,19.485458087838314,22.7,8.1,8.766666666666667,317.5
2011050,18.23830985609203,28.6,8.14,7.71,85.55000000000001
2011051,33.88661030759128,19.0,6.266666666666667,7.8,17.0
2011052,40.058856562279324,22.600000000000005,7.243333333333333,5.760000000000001,430.0
2011053,95.41948110993029,28.325,8.100000000000001,9.04,153.0
2011054,0.8870791316013423,27.03,8.100000000000001,7.805,310.5
2011055,0.1632277761580645,18.28,8.606666666666667,8.76,218.6
2011056,3.9602683093627222,18.266666666666666,7.72,8.826666666666666,45.06666666666666
2011057,0.037174221692725946,28.450000000000003,7.715,7.365,130.1
2011058,0.19946998479372052,21.755,5.17,5.220000000000001,13.6
2011059,1.1978599131364356,31.25,5.955,7.6,42.0
2011061,6.756021701836845,19.7,8.625,9.8,67.0
2011062,35.760133235330535,22.2,7.71,9.646666666666667,353.90000000000003
2011063,11.541136077187188,26.7,7.2,6.8,72.0
2011064,5.215944790370564,18.733333333333334,6.163333333333334,7.223333333333334,17.8
2011065,22.896983697917285,17.56866666666667,6.223333333333334,1.2366666666666666,63.43333333333334
2011066,30.290750220226798,29.100000000000005,4.963333333333334,6.666666666666667,47.0
2011068,7.902678008275517,25.65,8.8,10.65,390.5
2011069,41.58720889255832,24.0,8.1,8.05,1188.0
2011070,53.073421194861346,21.1,8.129999999999999,9.573333333333332,86.25
2011072,0.47228873412123346,19.766666666666666,7.333333333333333,8.966666666666667,87.66666666666667
2011073,3.217870027471416,20.33,8.58,7.13,56.0
2011074,4.748511046079737,28.266666666666666,5.04,6.793333333333333,30.0
2011075,0.29457314881261704,18.475,6.38,7.415,36.175000000000004
2011076,96.21254286458563,25.666666666666668,9.6,13.433333333333332,186.33333333333334
2011077,66.35123072064764,28.7,8.6,10.1,144.5
2011078,98.00814043992352,26.05,7.65,8.2,407.0
2011079,0.1164535681590328,20.118666666666666,4.753333333333333,8.6225,64.16666666666667
2011080,0.3529942307991354,19.016666666666666,8.0,6.293333333333333,73.43333333333334
2011081,50.154478309430736,31.97,7.46,8.61,36.7
2011082,21.63241834212751,24.450000000000003,6.525,6.275,69.7
2011083,1.5381816482678212,25.41,8.01,9.186666666666666,586.8
2011084,0.6691035349266542,12.08,7.01,11.045,93.35
2011085,68.74190502194422,28.266666666666666,8.2,10.533333333333333,141.0
2011086,44.29995541174301,23.600000000000005,8.6,5.5,11000.0
2011087,7.947391635590842,29.87566666666667,7.5633333333333335,7.496666666666666,92.46666666666665
2011088,9.132958241028073,24.833333333333332,6.663333333333334,8.200000000000001,44.0
2011089,13.896494100089937,25.03333333333333,6.8,8.1,18.433333333333334
2011091,30.232687040043484,22.708333333333332,9.375,9.58,59.3
2011092,0.8035202432681682,23.885,7.925000000000001,6.915,33.75
2011093,2.7793272449977,24.333333333333332,6.359999999999999,7.8,15.0
2011094,2.9269862917157927,22.8,6.433333333333334,8.700000000000001,13.766666666666666
2011095,87.65588342142856,27.3,8.850000000000001,13.3,453.0
2011096,2.6021978664755903,17.97,7.47,8.015,173.35
2011097,3.9992949928283754,24.625,7.25,8.18,545.85
2011098,46.131494965594285,25.29,7.73,7.866666666666667,494.5
2011099,11.517953399831004,23.15,8.56,12.28,409.0
2011100,0.17517390820077158,13.969999999999999,9.483333333333334,9.243333333333334,86.56666666666666
2011102,2.013400475885101,17.509999999999998,8.01,8.105,148.10000000000002
2011105,0.027618199055476536,25.060000000000002,6.343333333333334,7.840000000000001,43.333333333333336
2011106,7.175131327356662,27.95,8.1,5.0,531.5
2011109,4.135723292185647,21.3,7.533333333333334,7.866666666666667,40.766666666666666
2011111,0.3633507081391472,23.57,6.805,8.08,53.45
2011112,7.98088818736402,23.099999999999998,6.366666666666667,7.099999999999999,17.466666666666665
2011113,44.52891676220972,24.7,8.5,9.200000000000001,359.0
2011116,0.21348861651648404,19.55333333333333,8.013333333333334,9.57,280.93333333333334
2011118,15.764549452797382,23.185,6.640000000000001,8.54,27.6
2011119,1.0542619847406094,23.2,7.785,8.479999999999999,60.2
2011120,0.5868516569082599,24.30666666666667,7.426666666666667,5.406666666666666,542.5
2011121,97.42751067939719,26.75,8.275,11.5,254.25
2011122,0.5573112297480133,21.490000000000002,7.495,5.14,19.35
2011124,88.17548181755583,21.575,8.835,6.72,201.45
2011125,43.50957214184919,26.1,8.4,6.575,3294.25
2011126,3.5421798202642574,18.633333333333333,6.75,2.4966666666666666,107.0
2011127,2.5657627191198817,24.166666666666668,6.333333333333333,8.133333333333333,11.1
2011128,1.1291440142369482,25.134999999999998,7.445,8.105,166.3
2011130,18.660770653497067,31.2,7.95,7.55,93.1
2011134,68.46452100282,25.400000000000002,9.045,9.543333333333335,621.0
2011136,4.617151106763494,22.333333333333332,6.483333333333333,7.766666666666667,17.333333333333332
2011137,1.0744026897701688,25.7075,6.577500000000001,9.379999999999999,74.85
2011138,46.244837330628215,28.15,8.65,7.5,154.0
2011140,1.651739184199834,23.595,7.324999999999999,8.535,44.65
2011141,37.3125,29.5,7.7299999999999995,8.0,96.33333333333333
2011142,69.84208755624711,29.900000000000002,7.566666666666666,7.286666666666666,65.66666666666667
2011143,6.888956058123062,21.725,8.265,9.135,239.3
2011144,4.011364645298766,22.666666666666668,7.6000000000000005,8.386666666666668,10.066666666666666
2011150,0.30322741122759095,25.625,8.225,10.075,95.5
2011151,0.40681369663816086,25.366666666666664,6.833333333333333,3.0666666666666664,327.6666666666667
2011152,18.698630410132548,26.25,9.8,17.5,221.5
2011154,4.401147917153453,30.02333333333333,7.403333333333333,7.066666666666666,2358.0
2011156,4.676821326704224,26.333333333333332,6.906666666666666,7.933333333333334,17.0
2011157,71.73804383660708,23.03333333333333,7.66,7.6933333333333325,106.85
2011158,82.44814795224943,28.8,8.4,8.666666666666666,1120.6666666666667
2011159,66.42847349507137,26.133333333333336,8.566666666666666,10.066666666666668,427.6666666666667
2011162,0.4238957046916474,21.0,7.333333333333333,9.2,78.0
2011164,0.24429567868662236,23.325,7.75,8.425,110.9
2011165,41.8004437702614,16.71,9.593333333333334,10.186666666666667,589.6333333333333
2011166,35.04248525764196,27.96666666666667,8.366666666666667,9.433333333333334,524.3333333333334
2011177,39.96198155749318,27.113333333333333,8.1,7.636666666666667,372.76666666666665
2011179,81.32543484871901,24.366666666666664,6.5,6.733333333333333,61.06666666666666
2011180,0.5033977700072574,22.6,4.575,6.2749999999999995,13.95
2011182,51.648634540162895,23.3,6.453333333333333,7.933333333333334,21.0
2011183,84.50970083548168,24.4,8.9,7.525,1243.25
2011184,96.1900168708949,25.3,8.9,7.4350000000000005,438.0
2011185,0.3193759004024675,23.600000000000005,8.71,10.426666666666668,433.0
2011187,9.477036589284664,23.633333333333336,8.553333333333333,8.693333333333333,530.3333333333334
2011193,0.30817061197774626,23.46666666666667,6.833333333333333,8.333333333333334,63.73333333333333
2011194,18.728766631246536,30.566666666666666,7.336666666666666,5.626666666666666,86.26666666666667
2011195,91.30976436361827,24.1,8.75,7.75,2058.0
2011197,23.625457498591047,23.366666666666664,8.265,7.88,301.0
2011198,2.126241679006567,21.325,6.48,7.234999999999999,31.049999999999997
2011203,81.8425506157894,30.35,6.535,6.0195145,45.849999999999994
2011204,15.260252422564355,21.64,7.26,8.364999999999998,23.700000000000003
2011205,75.49132167947296,22.099999999999998,6.733333333333333,6.966666666666666,36.56666666666666
2011206,8.836054001227035,23.3,7.3500000000000005,8.666666666666666,22.666666666666668
2011207,8.648236593599776,23.7,9.633333333333335,3.06,191.03333333333333
2011208,1.8529429257521803,23.2,8.325,7.989999999999999,257.5
2011216,77.36493025791339,23.96666666666667,9.0,8.066666666666666,5502.666666666667
2011217,20.132110795944243,29.4,8.6,8.633333333333333,992.0
2011218,0.27587431442437954,23.134999999999998,7.25,8.04,54.45
2011220,49.17025063049745,25.284999999999997,8.105,9.28,803.25
2011221,6.780474726754663,22.96666666666667,6.166666666666667,6.82,20.166666666666668
2011223,33.11068249877201,26.89,7.993333333333333,8.716666666666667,418.09999999999997
2011224,0.26169357707642893,22.25666666666667,6.21,9.16,61.63333333333333
2011225,0.48058463664985795,20.275,7.5,10.6,461.5
2011227,0.44218672228316747,20.38,7.33,5.705,187.75
2011230,0.3017458271367506,23.735,7.425,7.7725,588.75
2011232,9.449017763891922,26.4,8.21,8.06,102.0
2011234,7.112981891267445,25.055,6.975,4.693333333333333,251.10000000000002
2011235,32.32047405548724,26.7,8.666666666666666,10.0,132.0
2011236,33.963121414814104,29.6,8.13,7.803333333333334,147.95
2011237,7.111610901447757,24.700000000000003,8.32,8.225000000000001,253.21499999999997
2011240,2.413624728112099,26.133333333333336,8.4,7.566666666666666,874.3333333333334
2011241,10.046614633013446,29.493666666666666,7.8066666666666675,5.56,344.59999999999997
2011242,1.7383242554177774,26.24,7.715,8.35,1054.0
2011243,11.393433371742342,24.2,6.805,8.25,17.0
2011244,9.801691145239039,26.0,8.533333333333333,9.533333333333333,557.3333333333334
2011245,10.211388146861944,26.266666666666666,7.8,7.3,148.0
2011247,3.002815189396655,24.5,7.595000000000001,7.66,89.2
2011248,8.799972656739543,28.996666666666666,8.156666666666666,4.866666666666666,1221.6666666666667
2011249,4.187230425820414,24.53333333333333,6.640000000000001,7.0,42.666666666666664
2011250,0.6879191077323076,29.296666666666667,8.47,9.196666666666667,219.0
2011251,72.87835675239114,26.5,8.2,6.8,178.0
2011252,76.86433861744861,26.2,8.7,15.6,545.3333333333334
2011253,8.322924420053841,23.96666666666667,8.033333333333333,6.28,3995.0
2011254,66.27006197890748,23.6,9.015,8.4,395.0
2011255,17.54948402863781,27.933333333333334,7.7,10.656666666666666,483.76666666666665
2011256,21.59907748766897,29.9,7.24,3.7249999999999996,13884.5
2011257,2.42728991941019,25.333333333333332,6.823333333333333,8.723333333333333,93.53333333333335
2011258,87.46740281012873,25.10666666666667,8.023333333333333,7.3133333333333335,354.0333333333333
2011259,3.256405632269679,24.96666666666667,6.353333333333333,6.933333333333334,43.0
2011260,53.545122704058926,24.18,7.9325,13.0,346.925
2011265,10.189122118010365,24.75,7.5600000000000005,6.93,50.0
2011274,21.064441531884526,25.7,7.433333333333334,5.933333333333334,64.0
2011279,41.19835613478471,20.94,6.17,7.7975,19.575
2011280,41.47303634328276,22.933333333333334,7.45,6.1000000000000005,285.0
2011281,48.10169334619878,23.45,8.4,5.85,397.0
2011282,11.779161818633522,22.7,7.010000000000001,8.233333333333333,25.0
2011283,75.72834736926937,25.666666666666668,7.5,7.366666666666667,366.0
2011284,97.64861201905083,22.96666666666667,6.766666666666667,8.4,24.233333333333334
2011286,0.742712113299249,22.575,7.765000000000001,5.33,248.54999999999998
2011289,2.943618531285685,23.6,6.865,8.5,21.0
2011292,77.46480121684436,24.645,7.025,6.8999999999999995,173.6
2011293,43.88527987658107,25.65,8.1,7.75,1195.0
2011294,61.435084186384735,26.165000000000003,8.33,7.473333333333334,1387.1666666666667
2011295,44.7111065152118,24.953333333333333,8.33,7.53,376.6666666666667
2011296,45.33185879959549,23.566666666666666,8.556666666666667,9.36,276.3666666666667
2011297,77.89741265337172,23.099999999999998,8.3,9.433333333333334,231.66666666666666
2011298,14.13049847235592,25.575,8.65,10.675,415.3333333333333
2011299,0.31219866829853965,22.65,6.6,10.433333333333334,10.0
2011300,86.21557791457235,24.733333333333334,7.596666666666667,8.6725,202.26666666666665
2011302,0.10862641231099339,24.2,6.926666666666667,7.733333333333333,41.333333333333336
2011303,2.065637640575996,25.134999999999998,7.3100000000000005,7.540000000000001,43.8
2011304,40.95336415458504,23.7,8.5,9.1,601.0
2011305,75.41873934856984,26.53333333333333,8.9,10.6,140.0
2011310,95.61081401095002,21.0,8.45,8.266666666666666,161.6
2011312,0.3855603285854247,22.5,7.676666666666667,7.453333333333333,207.4
2011315,2.827069194810163,25.540000000000003,8.1,10.333333333333334,452.8666666666666
2011316,27.491289709396366,25.366666666666664,7.733333333333333,7.233333333333333,161.0
2011318,75.89487386975337,25.665,7.425,9.257,165.14999999999998
2011321,74.10491391714815,26.5,8.649999999999999,8.649999999999999,59.0
2011323,6.264254834835105,24.71666666666667,6.976666666666667,9.353333333333333,327.93333333333334
2011326,3.6183972219673226,26.2275,7.202500000000001,4.9475,383.1333333333334
2011327,29.456769400398247,27.299999999999997,8.149999999999999,8.350000000000001,1169.5
2011328,15.766465228490114,19.6,8.666666666666666,8.633333333333333,320.0
2011329,63.736065928355025,26.179999999999996,8.306666666666667,9.696666666666667,396.6333333333334
2011330,14.340240603599552,16.2,6.8999999999999995,11.5525,40.0
2011331,45.50873108265424,23.833333333333332,6.636666666666667,7.033333333333334,41.0
2011332,1.434718885061306,17.634999999999998,7.305,11.655000000000001,342.5
2011333,35.64302656117035,25.59,8.153333333333334,5.46,261.06666666666666
2011334,9.1270809909077,24.53,6.8825,6.720000000000001,371.625
2011335,53.42469628183913,31.4,7.365,6.54,165.05
2011336,33.85672488695806,27.46666666666667,8.4,8.9,123.0
2011337,0.9113041805077113,21.366666666666664,6.533333333333334,7.3,8.1
2011338,89.342080307537,27.45,8.23,9.17,915.6666666666666
2011340,0.40142346666012363,20.765,6.615,4.775,38.65
2011341,0.17040334955112382,21.0,6.363333333333333,6.536666666666666,8.6
2011342,56.588917884013526,23.2,8.8,8.826666666666666,300.0
2011343,8.417153511497824,26.24666666666667,8.573333333333332,7.266666666666667,295.3333333333333
2011344,0.03149318425897134,16.466666666666665,7.695,8.6,6.4
2011346,1.0221236289029445,31.799999999999997,6.074999999999999,5.0,48.95
2011351,60.951324150244645,25.166666666666668,8.816666666666666,5.2,698.6666666666666
2011352,51.318179145851275,29.0,8.3,8.649999999999999,957.0
2011353,11.079097047232457,21.7,8.776666666666666,6.066666666666666,140.0
2011354,0.19287111767261228,23.75,8.275,11.475,315.25
2011356,28.010438302178198,29.600000000000005,7.326666666666667,5.88,218.76666666666665
2011357,7.792114345333391,27.5,8.2,4.5,417.0
2011358,1.5108442563089333,24.44666666666667,6.533333333333334,7.7,26.900000000000002
2011359,0.8173810431963383,23.866666666666664,6.083333333333333,7.8999999999999995,19.0
2011361,62.97647933832605,27.700000000000003,7.655,8.05,163.4
2011362,0.6423349251329609,21.733333333333334,6.633333333333333,7.133333333333333,10.933333333333332
2011371,41.999792441105164,22.7,9.403333333333334,8.726666666666667,4204.333333333333
2011372,7.939930810611625,23.8,8.32,7.63,971.0
2011374,2.198005634824061,11.933333333333332,7.233333333333333,7.766666666666667,13.666666666666666
2011375,0.8176518673117558,20.8,7.766666666666667,7.233333333333333,350.0
2011376,70.56260501092821,26.8,7.6,7.965,211.45
2011379,76.66558696959882,19.55,7.8,7.890000000000001,17.65
2011380,1.9280060370386634,21.8,8.673333333333334,8.373333333333333,504.0
2011382,14.484698113252174,18.0,7.25,12.366666666666667,40.0
2011383,0.9593902863024404,20.73333333333333,6.3,8.466666666666667,9.066666666666666
2011384,28.121024253316907,22.333333333333332,8.54,8.756666666666666,160.20000000000002
2011386,4.175016196832955,21.5,6.823333333333333,8.233333333333334,21.0
2011389,25.664801501243208,8.29,7.795,22.933333333333334,78.2
2011390,1.8057380744549212,20.2,7.26,7.8,452.75
2011393,0.03497194866058912,21.333333333333332,7.5,6.266666666666667,104.66666666666667
2011395,13.71358177309453,23.8,8.26,8.3,101.6
2011396,6.3311277319139965,19.2,6.9,3.3,58.75
2011397,11.884419816382612,20.525,8.875,11.625,165.25
2011398,0.19785490373490167,22.825,7.466666666666666,9.455,35.13333333333333
2011399,0.6573820461556721,19.1,7.37,8.366666666666667,38.333333333333336
2011400,19.951566875062554,20.733333333333334,7.276666666666666,8.433333333333332,30.0
2011401,35.3912293637602,27.814,7.4475,7.635,172.15
2011402,47.507443316283684,29.929999999999996,8.03,8.27,87.63333333333333
2011403,2.7380458019963396,27.0855,6.9625,3.9475,231.65
2011404,0.5127053559349487,20.580000000000002,5.983333333333333,7.77,32.5
2011406,1.3780348623357284,21.333333333333332,5.533333333333334,9.1,37.46666666666667
2011408,8.643162648443287,21.899999999999995,7.545,8.91,38.3
2011410,61.52255480570936,28.0,8.5,8.566666666666666,1564.5
2011412,3.5819719728255794,21.275,5.5,8.3,17.275
2011413,2.921811022330847,20.166666666666668,5.766666666666667,8.2,42.43333333333333
2011416,3.6207054283551927,20.319999999999997,8.07,8.633333333333333,123.83333333333333
2011417,0.6957217113154738,23.025,8.643333333333333,9.845,60.20000000000001
2011418,15.242918423363571,20.9,7.0,8.2,28.0
2011419,3.0453074162979568,18.6,6.8,7.5,19.0
2011420,13.51640863772503,22.666666666666668,8.25,9.146666666666667,101.0
2011421,41.08715808993973,22.0,8.383333333333333,8.663333333333332,436.59999999999997
2011422,0.8508483872555569,23.7575,5.5875,8.86,37.6
2011423,0.05735585567849222,16.666666666666668,5.166666666666667,5.400000000000001,17.03333333333333
2011424,0.854050723102698,16.3995,7.13,7.476666666666667,47.5
2011425,1.101542565596928,18.2,8.533333333333333,7.433333333333333,2865.6666666666665
2011426,17.541919555601275,25.3575,8.245,6.07,315.6
2011427,15.416716518897777,19.2,7.833333333333333,7.533333333333334,300.0
2011428,78.67615816770417,17.5,9.0,8.633333333333333,246.66666666666666
2011434,4.413378203292669,22.866666666666664,7.65,6.633333333333333,206.0
2011435,1.094853426815018,17.8,5.85,7.9,10.0
2011436,43.681839591309284,30.866666666666664,8.293333333333333,6.419999999999999,298.3333333333333
2011438,5.6876406474661145,19.46666666666667,6.866666666666667,3.4333333333333336,239.66666666666666
2011439,11.803955529314893,17.1,8.366666666666667,8.933333333333332,363.6666666666667
2011440,0.33399939846058874,18.966666666666665,7.95,14.6,112.5
2011443,0.2888101775197535,12.856666666666667,7.403333333333333,8.075,164.26666666666665
2011459,0.5796587327782385,18.675,7.455,6.880000000000001,331.8
2011460,43.979676796730125,20.15,6.2,1.05,47.666666666666664
2011461,0.552860281745454,17.736666666666668,6.093333333333334,8.176666666666668,55.13333333333333
2011464,3.4749027965430184,16.325,6.65,7.35,19.0
2011465,1.2841690698173605,18.166666666666668,5.566666666666666,9.4,12.6
2011466,10.906529988422259,17.075000000000003,5.175,6.525,32.475
2011467,27.47412677878396,19.189999999999998,8.864999999999998,9.346666666666666,226.5
2011469,12.42355473463971,23.445000000000004,9.27,5.136666666666667,331.1333333333333
2011470,5.643134660360971,18.7,5.566666666666666,9.0,17.033333333333335
2011471,99.98147574615889,19.5,8.5,10.566666666666666,118.0
2011472,9.032043360029542,20.933333333333334,7.9,10.533333333333333,383.0
2011473,42.96602309336368,20.835333333333335,8.88,9.526666666666666,827.8666666666667
2011474,4.890539446164058,20.0425,6.145,7.77,81.3
2011475,95.79624517087007,22.64,9.5,8.623333333333333,873.0
2011476,12.354645986181351,22.475,8.05,7.575,251.5
2011477,27.822592657568347,22.35,8.525,13.85,922.0
2011478,0.26772449924144726,20.566666666666666,5.3999999999999995,8.8,44.800000000000004
2011479,4.40631814563118,16.533333333333335,7.766666666666667,6.666666666666667,13.666666666666666
2011480,1.2926210741383382,12.766666666666666,7.449999999999999,7.900000000000001,3.0
2011483,0.02476493925794624,16.6,5.2,8.933333333333334,82.0
2011484,0.37738778996234296,11.266666666666666,7.5,5.566666666666666,98.33333333333333
2011486,0.4458404796839643,21.77,6.503333333333334,8.703333333333333,97.36666666666667
2011487,19.6373126825042,18.066666666666666,8.353333333333333,9.733333333333333,88.0
2011489,13.068873715784862,12.45,8.4,8.3,915.0
2011490,0.670056550872024,21.55,7.91,7.915,114.25
2011492,0.8891045404445762,20.833333333333332,5.5,9.0,24.866666666666664
2011493,4.619726135557781,19.0,5.266666666666667,7.5,9.1
2011496,3.3819744150490605,22.666666666666668,6.3,0.44999999999999996,470.6666666666667
2011498,44.83860884540302,24.9,8.76,12.09,6505.0
2011500,0.5756315586724156,15.0,8.325000000000001,8.024999999999999,566.0
2011502,1.6298439977223835,13.95,8.05,6.866666666666667,24.0
